Word	Frequency	Overall Rank
association	35	1
risk	21	2
genomewide	18	7
variant	18	12
trait	17	6
cancer	14	4
effect	13	8
family	12	9
population	12	10
phenotype	10	18
application	9	24
comparison	9	21
interaction	9	5
multiple	9	19
test	9	11
bayesian	8	47
gene	8	14
locus	8	13
metaanalysis	8	75
rare	8	15
score	8	20
complex	7	17
framework	7	117
functional	7	126
related	7	64
diabetes	6	42
expression	6	59
geneenvironment	6	40
gwas	6	30
imputation	6	83
network	6	99
polygenic	6	43
sequencing	6	27
susceptibility	6	32
variable	6	137
algorithm	5	137
cohort	5	93
estimation	5	64
factor	5	35
heritability	5	99
joint	5	105
longitudinal	5	93
mendelian	5	40
methylation	5	90
sample	5	34
selection	5	49
type	5	33
uk	5	177
whole	5	69
across	4	183
analysis	4	45
binary	4	224
biobank	4	119
body	4	218
breast	4	38
causal	4	85
common	4	83
disease	4	48
disorder	4	96
dna	4	71
exome	4	121
familybased	4	114
generalized	4	195
generation	4	231
health	4	183
hierarchical	4	206
highdimensional	4	523
human	4	45
identifies	4	50
incorporating	4	183
index	4	195
large	4	81
lung	4	59
mass	4	224
new	4	75
polymorphism	4	28
prediction	4	43
randomization	4	59
regression	4	31
set	4	128
structure	4	103
time	4	206
variation	4	40
wholegenome	4	418
adult	3	314
affected	3	114
annotation	3	446
architecture	3	199
atherosclerosis	3	719
bias	3	142
cardiovascular	3	256
casecontrol	3	36
cell	3	189
component	3	99
depression	3	418
development	3	183
discovery	3	165
estimating	3	134
event	3	392
familial	3	59
fibrosis	3	287
genomic	3	73
heterogeneity	3	54
identifying	3	88
improved	3	213
insight	3	392
integrating	3	189
largescale	3	256
leveraging	3	206
linear	3	224
linkage	3	3
melanoma	3	242
metabolism	3	523
myopia	3	446
outcome	3	177
patient	3	102
predicting	3	256
receptor	3	256
reduction	3	218
role	3	189
scotland	3	1562
sequence	3	96
snp	3	16
summary	3	142
tissuespecific	3	808
two	3	108
african	2	99
age	2	88
agerelated	2	808
aggregation	2	256
alzheimers	2	151
ancestry	2	111
approach	2	108
assessing	2	267
asthma	2	151
bdnf	2	1274
brainderived	2	1562
burden	2	566
case	2	90
caucasian	2	418
change	2	277
characterizing	2	920
child	2	418
chinese	2	481
chronic	2	392
clinical	2	145
cognitive	2	523
combining	2	242
control	2	66
copy	2	119
cortisol	2	1562
cutaneous	2	1562
cystic	2	446
detecting	2	54
detection	2	59
difference	2	256
different	2	159
differential	2	345
dimension	2	920
dimorphism	2	1274
diverse	2	345
efficient	2	134
electronic	2	392
epigenomewide	2	920
european	2	326
exploring	2	267
external	2	566
fast	2	206
fine	2	314
finemapping	2	392
function	2	131
group	2	314
healthy	2	418
identification	2	93
identified	2	369
independent	2	418
individual	2	96
influence	2	159
information	2	108
integrative	2	345
iron	2	1072
isolated	2	345
latent	2	287
learning	2	159
level	2	52
life	2	481
likelihood	2	165
linked	2	218
liver	2	481
lowfrequency	2	1274
machine	2	242
mapping	2	29
mating	2	481
medicine	2	300
metabolic	2	151
microbiome	2	300
microrna	2	1274
mixed	2	171
model	2	22
modeling	2	79
multiethnic	2	418
multiphenotype	2	719
multisnp	2	1274
multivariate	2	123
neurotrophic	2	1562
noncoding	2	1072
number	2	103
obesity	2	165
omics	2	224
onset	2	123
pancreatic	2	392
parentoforigin	2	446
partitioning	2	1072
pathway	2	85
pedigree	2	36
plasma	2	213
pleiotropy	2	287
power	2	25
precision	2	808
project	2	369
prostate	2	69
psychiatric	2	920
quantile	2	1072
record	2	392
regulation	2	719
relationship	2	151
replication	2	213
reveals	2	131
review	2	652
schizophrenia	2	231
secondary	2	446
sequencebased	2	1072
sexual	2	1072
shared	2	177
signal	2	218
simulation	2	171
smoking	2	126
source	2	719
statistic	2	59
stratified	2	392
structured	2	566
survival	2	159
systematic	2	392
thromboembolism	2	523
tool	2	171
transcriptome	2	369
treatment	2	242
understanding	2	652
unified	2	608
val66met	2	1562
variance	2	151
venous	2	523
weighted	2	300
xchromosome	2	808
young	2	481
according	1	1562
accounting	1	267
accurate	1	418
addressing	1	920
adjusting	1	481
adverse	1	1274
ageofonset	1	1274
allowing	1	920
alternative	1	287
american	1	111
among	1	159
andor	1	1072
anemia	1	1274
arthritis	1	242
ascertained	1	523
assortative	1	1072
asymmetry	1	1562
autosomal	1	1274
available	1	1072
averaging	1	920
beadchip	1	1274
behavior	1	566
benefit	1	920
better	1	1274
biliary	1	1274
bioinformatics	1	808
biological	1	314
biomarker	1	608
biomarkers	1	277
blood	1	105
bmi	1	345
bootstrap	1	1072
brain	1	481
candidate	1	69
caseonly	1	808
caseparent	1	314
causality	1	1562
cellular	1	1562
censored	1	566
characterization	1	446
childhood	1	481
classify	1	1562
cleft	1	277
clustering	1	206
cnv	1	523
coding	1	566
collider	1	1562
colorectal	1	126
compared	1	1072
comparing	1	418
competing	1	1274
complete	1	1274
composite	1	920
computing	1	920
confidence	1	1072
consortium	1	242
construction	1	719
containing	1	1562
context	1	566
contributing	1	1072
correlation	1	142
count	1	566
cryptic	1	808
current	1	808
curse	1	1072
datasets	1	566
deciphering	1	1274
decline	1	1072
deep	1	446
degeneration	1	920
deletion	1	808
depressive	1	808
descent	1	314
design	1	59
detect	1	81
dichotomous	1	1072
discover	1	1562
discriminant	1	1274
disequilibrium	1	77
downstream	1	1562
drug	1	392
dysplasia	1	1562
dysregulation	1	1562
early	1	345
effectiveness	1	1072
endophenotypes	1	808
enrichment	1	608
environmental	1	206
epidemiologic	1	808
epidemiology	1	231
epistasis	1	151
eqtl	1	481
estimate	1	128
ethnic	1	369
etiology	1	418
evaluating	1	267
evaluation	1	114
evidence	1	66
evolutionary	1	1274
exact	1	608
excess	1	719
exon	1	1274
experience	1	920
exploiting	1	1072
exposure	1	177
extension	1	418
fasting	1	652
feature	1	523
filter	1	719
finding	1	608
finescale	1	652
five	1	1072
followup	1	566
forest	1	177
found	1	1562
four	1	719
french	1	256
gain	1	920
gender	1	1072
genebased	1	566
general	1	256
genetically	1	523
genome	1	523
genomics	1	652
genotype	1	22
glucose	1	523
glycemic	1	808
han	1	1562
haplotypebased	1	1072
hba1c	1	1562
head	1	920
height	1	808
hidden	1	1072
highlight	1	1274
histologic	1	1562
history	1	242
homozygosity	1	523
hypertension	1	345
identify	1	81
identitybydescent	1	1274
idiopathic	1	719
imaging	1	1072
immune	1	566
impact	1	142
implementation	1	808
implicates	1	920
inclusion	1	1274
increase	1	481
increased	1	566
indirect	1	920
infant	1	920
inference	1	171
initiative	1	1072
instrumental	1	1072
interval	1	808
involved	1	719
isolate	1	808
issue	1	392
kinship	1	920
lasso	1	566
ld	1	300
least	1	808
lesson	1	808
leukemia	1	1072
liability	1	652
lipid	1	369
local	1	369
location	1	920
lymphocytic	1	1274
macular	1	920
major	1	213
malaria	1	1072
marker	1	54
maternal	1	242
matrix	1	808
matter	1	652
measure	1	165
measurement	1	392
mediation	1	345
mediator	1	719
megaanalysis	1	1562
mellitus	1	920
meta	1	159
metaanalyses	1	608
methodology	1	1072
misclassification	1	1274
missing	1	151
module	1	1562
molecular	1	345
multidimensional	1	920
multiomics	1	566
multiplex	1	418
mutation	1	121
neck	1	1072
need	1	1274
neural	1	920
nevus	1	1072
next	1	326
ng	1	1274
nongenetic	1	1072
nonlinear	1	1072
nonsyndromic	1	1072
normal	1	719
obese	1	1562
observational	1	1562
orofacial	1	1274
overlapping	1	920
panel	1	392
parallel	1	808
partial	1	808
path	1	1562
pediatric	1	1562
performance	1	267
personalized	1	481
phasing	1	1072
phenotypic	1	418
phewas	1	808
physiological	1	1274
pipeline	1	719
pleiotropic	1	300
populationbased	1	231
positive	1	446
possible	1	920
posterior	1	1274
powerful	1	177
predict	1	652
predisposition	1	566
preliminary	1	808
presence	1	114
primary	1	481
principal	1	345
profile	1	326
provides	1	608
psychosocial	1	1562
publicly	1	1072
pulmonary	1	345
random	1	139
randomisation	1	566
randomized	1	1072
reconstructing	1	1562
recurrent	1	719
region	1	73
regionbased	1	719
regularization	1	1562
regularized	1	808
regulated	1	1562
regulatory	1	608
relatedness	1	345
relation	1	326
relevant	1	1072
repeated	1	608
research	1	446
resistance	1	523
resource	1	523
response	1	177
reveal	1	446
rheumatoid	1	242
rnaseq	1	719
scan	1	59
selected	1	523
semiparametric	1	566
setting	1	1562
shape	1	1562
share	1	1274
show	1	652
shrinkage	1	719
significant	1	523
significantly	1	1274
simultaneous	1	920
small	1	523
smoke	1	566
social	1	1072
soluble	1	1562
square	1	808
stage	1	608
statistical	1	77
strategy	1	111
stratification	1	151
stress	1	719
subgroup	1	652
subject	1	345
subtypes	1	566
suggests	1	1274
syndrome	1	131
taiwan	1	1274
target	1	446
threshold	1	652
tiled	1	652
tissue	1	369
tobacco	1	652
topmed	1	1274
transcription	1	1072
transcriptomic	1	920
triad	1	920
tuberculosis	1	1072
univariate	1	920
upstream	1	1562
use	1	177
used	1	652
utility	1	920
utilizing	1	1072
via	1	165
weight	1	287
winner	1	1274
without	1	481
zero	1	920
